sp,x,y
amethystinus,-91.6331,16.1831
amethystinus,-91.633,16.183
amethystinus,-91.6331,16.1831
amethystinus,-91.633,16.183
amethystinus,-91.6331,16.1831
amethystinus,-90.85,16.103
amethystinus,-90.901,16.136
amethystinus,-90.903,16.142
amethystinus,-90.877,16.13
amethystinus,-90.835,16.234
amethystinus,-90.903,16.141
amethystinus,-90.818,16.258
amethystinus,-90.845,16.27
amethystinus,-90.874,16.13
amethystinus,-90.898,16.143
amethystinus,-90.892,16.141
amethystinus,-90.903,16.137
amethystinus,-93.3,16.79
amethystinus,-93,16.75
amethystinus,-90.9831,16.8997
amethystinus,-91.015,16.102
amethystinus,-90.958,16.103
amethystinus,-90.958,16.104
amethystinus,-91.015,16.103
amethystinus,-91.015,16.105
amethystinus,-91.014,16.104
amethystinus,-91.015,16.104
amethystinus,-90.982,16.104
amethystinus,-90.982,16.105
amethystinus,-90.982,16.106
amethystinus,-90.939,16.129
amethystinus,-90.939,16.13
amethystinus,-90.938,16.131
amethystinus,-90.938,16.138
amethystinus,-90.932,16.117
amethystinus,-90.931,16.118
amethystinus,-90.939,16.139
amethystinus,-90.936,16.115
amethystinus,-90.935,16.115
amethystinus,-90.93,16.119
amethystinus,-90.853,16.225
amethystinus,-90.853,16.224
amethystinus,-90.939,16.121
amethystinus,-90.94,16.122
amethystinus,-90.939,16.138
amethystinus,-90.937,16.114
amethystinus,-90.935,16.116
amethystinus,-90.931,16.119
amethystinus,-90.852,16.226
amethystinus,-90.881,16.23
amethystinus,-90.904,16.153
amethystinus,-90.898,16.181
amethystinus,-90.936,16.115
amethystinus,-91.014,16.104
amethystinus,-90.93,16.119
amethystinus,-90.982,16.105
amethystinus,-90.904,16.153
amethystinus,-90.935,16.116
amethystinus,-90.908,16.16
amethystinus,-90.982,16.104
amethystinus,-90.853,16.225
amethystinus,-90.896,16.181
amethystinus,-90.893,16.219
amethystinus,-90.939,16.121
amethystinus,-90.939,16.139
amethystinus,-90.939,16.138
amethystinus,-90.907,16.16
amethystinus,-90.903,16.319
amethystinus,-90.938,16.138
amethystinus,-90.897,16.181
amethystinus,-91.015,16.104
amethystinus,-90.94,16.122
amethystinus,-90.907,16.159
amethystinus,-90.894,16.218
amethystinus,-90.938,16.129
amethystinus,-90.869,16.214
amethystinus,-90.938,16.131
amethystinus,-90.931,16.119
amethystinus,-90.939,16.13
amethystinus,-90.937,16.114
amethystinus,-90.982,16.106
amethystinus,-90.894,16.218
amethystinus,-90.906,16.159
amethystinus,-90.897,16.181
amethystinus,-90.932,16.117
amethystinus,-91.015,16.102
amethystinus,-90.869,16.214
amethystinus,-90.869,16.214
amethystinus,-90.852,16.226
amethystinus,-90.853,16.224
amethystinus,-90.939,16.13
amethystinus,-90.935,16.116
amethystinus,-93.513,16.877
amethystinus,-91.983,17.517
amethystinus,-91.983,17.517
amethystinus,-92.6383,16.7367
amethystinus,-92.6497,16.7497
amethystinus,-92.6497,16.7497
amethystinus,-92.6497,16.7497
amethystinus,-92.638,16.737
amethystinus,-92.638,16.737
amethystinus,-93.17,16.81
amethystinus,-93.222,16.845
amethystinus,-93.182,16.822
amethystinus,-93.213,16.846
amethystinus,-92.5072,16.8172
amethystinus,-92.5072,16.8172
amethystinus,-92.5072,16.8172
amethystinus,-93.346,16.317
amethystinus,-92.104317,15.720028
amethystinus,-92.793039,16.731977
amethystinus,-96.3,17.776
amethystinus,-94.1,16.73
amethystinus,-94.130375,16.546631
amethystinus,-94.217129,16.612595
amethystinus,-97.379951,19.92978
amethystinus,-97.0091,19.5869
amethystinus,-97.016,19.585
amethystinus,-97.009,19.587
amethystinus,-97.0092,19.5869
amethystinus,-97.1503,19.3639
amethystinus,-97.15,19.364
amethystinus,-97.1,19.05
amethystinus,-97.1456,19.0506
amethystinus,-97.1,19.05
amethystinus,-97.146,19.051
amethystinus,-97.1,19.05
amethystinus,-97.1,19.05
amethystinus,-97.1142,19.3606
amethystinus,-97.1486,19.3497
amethystinus,-97.149,19.35
amethystinus,-97.114,19.361
amethystinus,-97.1858,19.6719
amethystinus,-97.186,19.672
amethystinus,-97.1108,19.6581
amethystinus,-97.1108,19.6581
amethystinus,-97.111,19.658
amethystinus,-97.0986,19.635
amethystinus,-97.111,19.658
amethystinus,-97.099,19.635
amethystinus,-97.1715,19.6742
amethystinus,-96.9853,19.6058
amethystinus,-96.985,19.606
amethystinus,-97.1549,19.7066
amethystinus,-97.1549,19.7066
amethystinus,-97.0367,19.6969
amethystinus,-97.037,19.697
amethystinus,-97.0376,19.698
amethystinus,-97.173056,19.037778
