sp,x,y
balthasari,-92.7306,15.3722
balthasari,-93.2847,16.8583
balthasari,-92.6208,16.7719
balthasari,-91.6331,16.1831
balthasari,-93.5083,16.7431
balthasari,-93.5083,16.7431
balthasari,-93.2218,16.8452
balthasari,-93.222,16.8453
balthasari,-93.2217,16.8451
balthasari,-93.1819,16.8219
balthasari,-93.1721,16.8051
balthasari,-93.2128,16.8458
balthasari,-93.1698,16.8104
balthasari,-93.213,16.846
balthasari,-93.182,16.822
balthasari,-93.17,16.81
balthasari,-93.172,16.805
balthasari,-93.222,16.845
balthasari,-93.1931,16.8572
balthasari,-93.172,16.805
balthasari,-93.222,16.845
balthasari,-93.1194,16.7139
balthasari,-93.1,16.75
balthasari,-93.1,16.75
balthasari,-93.1167,16.7533
balthasari,-93.346,16.317
balthasari,-91.754473,15.80213
balthasari,-91.682754,16.019971
balthasari,-91.755555,15.85566
