"sp","x","y"
"chalcomelas",-78.03388889,-2.360833333
"chalcomelas",-77.90333333,-2.549722222
"chalcomelas",-77.61611111,-1.066111111
"chalcomelas",-77.74472222,-1.078333333
"chalcomelas",-75.9125,-0.644166667
"chalcomelas",-76.72361111,-0.463055556
"chalcomelas",-76.83361111,-0.608055556
"chalcomelas",-76.18333333,-0.916666667
"chalcomelas",-76.13833333,-0.634722222
"chalcomelas",-77.02416667,-0.200277778
"chalcomelas",-76.38333333,-0.666666667
"chalcomelas",-76.93944444,-0.218888889
"chalcomelas",-76.68944444,-0.978888889
"chalcomelas",-77.68888889,-1.324722222
"chalcomelas",-78.08722222,-1.463055556
"chalcomelas",-77.35388889,-0.020833333
"chalcomelas",-76.88305556,0.085277778
"chalcomelas",-76.62694444,-0.410555556
"chalcomelas",-76.20277778,0.023055556
"chalcomelas",-76.42,0.351944444
"chalcomelas",-76.16666667,-0.016666667
"chalcomelas",-76.45972222,-0.470555556
"chalcomelas",-76.44472222,0.086666667
"chalcomelas",-77.95115556,-4.373702778
"chalcomelas",-73.45448333,-11.42229167
"chalcomelas",-73.990575,-6.992166667
"chalcomelas",-74.02427778,-6.955847222
"chalcomelas",-73.84638889,-6.919777778
"chalcomelas",-73.16168611,-4.364497222
"chalcomelas",-73.990575,-6.992166667
"chalcomelas",-76.01363611,-4.162783333
"chalcomelas",-75.40861944,-1.587680556
"chalcomelas",-1.168055556,-12.55
"chalcomelas",-69.03,-12.35527778
"chalcomelas",-68.92583333,-12.65
"chalcomelas",-69.12519167,-12.46368611
"chalcomelas",-68.86138889,-12.53888889
"chalcomelas",-71.42066667,-12.57180556
"chalcomelas",-73.82114444,-12.20346389
"chalcomelas",-72.83196667,-12.21340833
"chalcomelas",-72.82258333,-12.21365833
"chalcomelas",-72.83672222,-12.21160278
"chalcomelas",-73.0282,-12.14845833
"chalcomelas",-72.82651667,-12.11393611
"chalcomelas",-72.82574167,-12.113225
"chalcomelas",-72.82291944,-12.12168056
"chalcomelas",-72.83315,-12.11149444
"chalcomelas",-72.82141389,-12.21325278
"chalcomelas",-74.13875556,-8.749777778
"chalcomelas",-77.95115556,-4.373702778
"chalcomelas",-73.45448333,-11.42229167
"chalcomelas",-73.990575,-6.992166667
"chalcomelas",-74.02427778,-6.955847222
"chalcomelas",-73.84638889,-6.919777778
"chalcomelas",-73.16168611,-4.364497222
"chalcomelas",-73.990575,-6.992166667
"chalcomelas",-76.01363611,-4.162783333
"chalcomelas",-70.08333333,-12.55
"chalcomelas",-69.03,-12.35527778
"chalcomelas",-69.12519167,-12.46368611
"chalcomelas",-68.86138889,-12.53888889
"chalcomelas",-71.42066667,-12.57180556
"chalcomelas",-73.82114444,-12.20346389
"chalcomelas",-72.83196667,-12.21340833
"chalcomelas",-72.82258333,-12.21365833
"chalcomelas",-72.83672222,-12.21160278
"chalcomelas",-73.0282,-12.147625
"chalcomelas",-72.82651667,-12.11393611
"chalcomelas",-72.82574167,-12.113225
"chalcomelas",-72.82291944,-12.12168056
"chalcomelas",-72.83315,-12.11149444
"chalcomelas",-72.82141389,-12.21325278
"chalcomelas",-74.13875556,-8.749777778
"chalcomelas",NA,NA
"chalcomelas",NA,NA
"chalcomelas",NA,NA
"chalcomelas",NA,NA
"chalcomelas",NA,NA
"chalcomelas",NA,NA
"chalcomelas",NA,NA
"chalcomelas",NA,NA
"chalcomelas",NA,NA
"chalcomelas",-76.6063,-0.3334
"chalcomelas",-76.6016,-0.3408
"chalcomelas",-76.6008,-0.3409
"chalcomelas",-76.618,-0.3972
"chalcomelas",-76.6178,-0.3974
"chalcomelas",-76.6173,-0.3975
"chalcomelas",-76.6173,-0.3975
"chalcomelas",-76.6173,-0.3975
"chalcomelas",-76.6173,-0.3975
"chalcomelas",-76.6176,-0.3976
"chalcomelas",-76.6344,-0.3936
"chalcomelas",-76.6344,-0.3936
"chalcomelas",-76.6348,-0.3937
"chalcomelas",-76.641,-0.3809
"chalcomelas",-76.5949,-0.3681
"chalcomelas",-76.6102,-0.3636
"chalcomelas",-76.6102,-0.3636
"chalcomelas",-76.6102,-0.3636
"chalcomelas",-76.6102,-0.3636
"chalcomelas",-76.6102,-0.364
"chalcomelas",-76.6102,-0.364
"chalcomelas",-76.6097,-0.3642
"chalcomelas",-76.6097,-0.3642
"chalcomelas",-76.6097,-0.3642
"chalcomelas",-76.6095,-0.3651
"chalcomelas",-76.6095,-0.3651
"chalcomelas",-76.6095,-0.3651
"chalcomelas",-76.6095,-0.3651
"chalcomelas",-76.6105,-0.3748
"chalcomelas",-76.6102,-0.376
"chalcomelas",-76.6102,-0.376
"chalcomelas",-76.6102,-0.376
"chalcomelas",-76.6101,-0.3765
"chalcomelas",-76.4891,-0.4153
"chalcomelas",-76.4763,-0.4369
"chalcomelas",-76.4532,-0.429
"chalcomelas",-78.4,-4.2
"chalcomelas",-79.13,-4.15
"chalcomelas",-79.13,-4.15
"chalcomelas",-78.37,-4.07
"chalcomelas",-79.22,-3.59
"chalcomelas",-79.38,-3.39
"chalcomelas",-78.03,-3.03
"chalcomelas",-77.52,-2.43
"chalcomelas",-78.05,-2.42
"chalcomelas",-77.3,-2.22
"chalcomelas",-77.59,-1.28
"chalcomelas",-77.59,-1.28
"chalcomelas",-77.59,-1.28
"chalcomelas",-77.44,-0.57
"chalcomelas",-77.43,-0.42
"chalcomelas",-77.25,-0.38
"chalcomelas",-77.53,-0.28
"chalcomelas",-78.37,-0.07
"chalcomelas",-78.45,-0.07
"chalcomelas",-78.46,-0.03
"chalcomelas",-79.57,-3.27
"chalcomelas",-76.58,-2.04
"chalcomelas",-78.03,-3.03
"chalcomelas",-78.39,-3.01
"chalcomelas",-76.48,-2.11
"chalcomelas",-77.27,-1.48
"chalcomelas",-78.47,-1.13
"chalcomelas",-77.49,-0.37
"chalcomelas",-78.02,-0.25
"chalcomelas",-78.45,-0.07
"chalcomelas",-63.6,-17.4
"chalcomelas",-63.6,-17.4
"chalcomelas",-63.6,-17.4
"chalcomelas",-63.6,-17.4
"chalcomelas",-71.40364,-12.89497
"chalcomelas",-70.10962,-12.55207
"chalcomelas",-70.10962,-12.55207
"chalcomelas",-70.10962,-12.55207
"chalcomelas",-70.10962,-12.55207
"chalcomelas",-70.10962,-12.55207
"chalcomelas",-70.10962,-12.55207
"chalcomelas",-70.10962,-12.55207
"chalcomelas",-70.10962,-12.55207
"chalcomelas",-70.10962,-12.55207
"chalcomelas",-70.10962,-12.55207
"chalcomelas",-70.10962,-12.55207
"chalcomelas",-70.10962,-12.55207
"chalcomelas",-70.10962,-12.55207
"chalcomelas",-70.10962,-12.55207
"chalcomelas",-70.10962,-12.55207
"chalcomelas",-70.10962,-12.55207
"chalcomelas",-70.10962,-12.55207
"chalcomelas",-70.10962,-12.55207
"chalcomelas",-70.10962,-12.55207
"chalcomelas",-70.10962,-12.55207
"chalcomelas",-70.10962,-12.55207
"chalcomelas",-70.10962,-12.55207
"chalcomelas",-70.10962,-12.55207
"chalcomelas",-70.10962,-12.55207
"chalcomelas",-70.10962,-12.55207
"chalcomelas",-70.10962,-12.55207
"chalcomelas",-70.10962,-12.55207
"chalcomelas",-70.10962,-12.55207
"chalcomelas",-70.10962,-12.55207
"chalcomelas",-71.406667,-11.895833
"chalcomelas",-63,-10.4
"chalcomelas",-63,-10.4
"chalcomelas",-63,-10.4
"chalcomelas",-63,-10.4
"chalcomelas",-63,-10.4
"chalcomelas",-63,-10.4
"chalcomelas",-69.898611,-4.005833
"chalcomelas",-69.902778,-3.9875
"chalcomelas",-69.902778,-3.9875
"chalcomelas",-69.902778,-3.9875
"chalcomelas",-69.902778,-3.9875
"chalcomelas",-70.25,-3.683333
"chalcomelas",-59.833333,-2.416667
"chalcomelas",-59.833333,-2.416667
"chalcomelas",-69.516667,-1.066667
"chalcomelas",-52.733333,-1.016667
"chalcomelas",-52.733333,-1.016667
"chalcomelas",-52.733333,-1.016667
"chalcomelas",-53.033333,-0.833333
"chalcomelas",-53.033333,-0.833333
"chalcomelas",-52.8,-0.683333
"chalcomelas",-52.8,-0.683333
"chalcomelas",-52.8,-0.683333
"chalcomelas",-52.8,-0.683333
"chalcomelas",-52.8,-0.683333
"chalcomelas",-52.816667,-0.683333
"chalcomelas",-52.8,-0.683333
"chalcomelas",-76.149834,-0.638063
"chalcomelas",-76.1497,-0.63709
"chalcomelas",-76.1497,-0.63709
"chalcomelas",-76.1497,-0.63709
"chalcomelas",-76.1497,-0.63709
"chalcomelas",-76.1497,-0.63709
"chalcomelas",-76.1497,-0.63709
"chalcomelas",-76.1497,-0.63709
"chalcomelas",-76.1497,-0.63709
"chalcomelas",-76.1497,-0.63709
"chalcomelas",-76.1497,-0.63709
"chalcomelas",-76.1497,-0.63709
"chalcomelas",-76.1497,-0.63709
"chalcomelas",-52.566667,-0.633333
"chalcomelas",-52.566667,-0.633333
"chalcomelas",-52.566667,-0.633333
"chalcomelas",-52.566667,-0.633333
"chalcomelas",-52.566667,-0.633333
"chalcomelas",-52.566667,-0.633333
"chalcomelas",-52.566667,-0.633333
"chalcomelas",-52.566667,-0.633333
"chalcomelas",-52.566667,-0.633333
"chalcomelas",-52.566667,-0.633333
"chalcomelas",-52.566667,-0.633333
"chalcomelas",-52.566667,-0.633333
"chalcomelas",-52.566667,-0.633333
"chalcomelas",-52.566667,-0.633333
"chalcomelas",-52.566667,-0.633333
"chalcomelas",-52.566667,-0.633333
"chalcomelas",-52.566667,-0.633333
"chalcomelas",-52.566667,-0.633333
"chalcomelas",-52.566667,-0.633333
"chalcomelas",-52.65,-0.583333
"chalcomelas",-52.65,-0.583333
"chalcomelas",-52.65,-0.583333
"chalcomelas",-77.216667,0.05
"chalcomelas",-77.216667,0.05
"chalcomelas",-72.450139,0.074167
"chalcomelas",-72.450139,0.074167
"chalcomelas",-72.450139,0.074167
"chalcomelas",-72.629167,0.157222
"chalcomelas",-72.629167,0.157222
"chalcomelas",-72.609722,0.167222
"chalcomelas",-72.609722,0.167222
"chalcomelas",-72.609722,0.167222
"chalcomelas",-72.623333,0.179722
"chalcomelas",-72.623333,0.179722
"chalcomelas",-72.623333,0.179722
"chalcomelas",-72.623333,0.179722
"chalcomelas",-72.623333,0.179722
"chalcomelas",-72.623333,0.179722
"chalcomelas",-72.623333,0.179722
"chalcomelas",-72.623333,0.179722
"chalcomelas",-72.615889,0.181889
"chalcomelas",-72.615889,0.181889
"chalcomelas",-72.416667,0.2
"chalcomelas",-72.415306,0.209583
"chalcomelas",-72.417556,0.211889
"chalcomelas",-72.417556,0.211889
"chalcomelas",-72.417556,0.211889
"chalcomelas",-72.417556,0.211889
"chalcomelas",-72.417556,0.211889
"chalcomelas",-72.423722,0.213278
"chalcomelas",-72.423722,0.213278
"chalcomelas",-72.923333,0.260556
"chalcomelas",-72.923333,0.260556
"chalcomelas",-72.923333,0.260556
"chalcomelas",-72.923333,0.260556
"chalcomelas",-72.923333,0.260556
"chalcomelas",-72.923333,0.260556
"chalcomelas",-72.630556,0.5
"chalcomelas",-72.630556,0.5
"chalcomelas",-72.630556,0.5
"chalcomelas",-72.630556,0.5
"chalcomelas",-72.630556,0.5
"chalcomelas",-72.630556,0.5
"chalcomelas",-72.641028,0.5175
"chalcomelas",-72.641028,0.5175
"chalcomelas",-72.641028,0.5175
"chalcomelas",-72.641028,0.5175
"chalcomelas",-72.641028,0.5175
"chalcomelas",-72.641028,0.5175
"chalcomelas",-72.632639,0.534444
"chalcomelas",-72.632639,0.534444
"chalcomelas",-69.516667,1.066667
"chalcomelas",-69.516667,1.066667
"chalcomelas",-69.516667,1.066667
"chalcomelas",-69.516667,1.066667
"chalcomelas",-69.516667,1.066667
"chalcomelas",-69.516667,1.066667
"chalcomelas",-69.516667,1.066667
"chalcomelas",-69.516667,1.066667
"chalcomelas",-69.516667,1.066667
"chalcomelas",-69.516667,1.066667
"chalcomelas",-69.516667,1.066667
"chalcomelas",-69.516667,1.066667
"chalcomelas",-71.182778,2.176389
"chalcomelas",-71.182778,2.176389
"chalcomelas",-71.182778,2.176389
"chalcomelas",-71.182778,2.176389
"chalcomelas",-71.182778,2.176389
"chalcomelas",-71.182778,2.176389
"chalcomelas",-71.182778,2.176389
"chalcomelas",-71.182778,2.176389
"chalcomelas",-71.182778,2.176389
"chalcomelas",-54.46032,2.2125
"chalcomelas",-54.46032,2.2125
"chalcomelas",-54.46032,2.2125
"chalcomelas",-53.02333,2.396
"chalcomelas",-74.166667,2.666667
"chalcomelas",-74.166667,2.666667
"chalcomelas",-74.166667,2.666667
"chalcomelas",-74.166667,2.666667
"chalcomelas",-74.166667,2.666667
"chalcomelas",-74.166667,2.666667
"chalcomelas",-74.166667,2.666667
"chalcomelas",-74.166667,2.666667
"chalcomelas",-74.166667,2.666667
"chalcomelas",-74.166667,2.666667
"chalcomelas",-74.166667,2.666667
"chalcomelas",-74.166667,2.666667
"chalcomelas",-74.166667,2.666667
"chalcomelas",-74.166667,2.666667
"chalcomelas",-74.166667,2.666667
"chalcomelas",-74.166667,2.666667
"chalcomelas",-74.166667,2.666667
"chalcomelas",-74.166667,2.666667
"chalcomelas",-74.166667,2.666667
"chalcomelas",-74.166667,2.666667
"chalcomelas",-74.166667,2.666667
"chalcomelas",-74.166667,2.666667
"chalcomelas",-74.166667,2.666667
"chalcomelas",-74.166667,2.666667
"chalcomelas",-74.166667,2.666667
"chalcomelas",-74.166667,2.666667
"chalcomelas",-74.166667,2.666667
"chalcomelas",-53.11431,3.02873
"chalcomelas",-53.11431,3.02873
"chalcomelas",-53.11431,3.02873
"chalcomelas",-53.11431,3.02873
"chalcomelas",-53.11431,3.02873
"chalcomelas",-53.11431,3.02873
"chalcomelas",-53.11431,3.02873
"chalcomelas",-53.11431,3.02873
"chalcomelas",-53.11431,3.02873
"chalcomelas",-53.11431,3.02873
"chalcomelas",-53.11431,3.02873
"chalcomelas",-53.11431,3.02873
"chalcomelas",-53.11431,3.02873
"chalcomelas",-53.11431,3.02873
"chalcomelas",-55.438333,3.348889
"chalcomelas",-53.216667,3.65
"chalcomelas",-53.29564,3.66114
"chalcomelas",-53.20566,3.66137
"chalcomelas",-53.20566,3.66137
"chalcomelas",-53.20566,3.66137
"chalcomelas",-53.20566,3.66137
"chalcomelas",-53.20566,3.66137
"chalcomelas",-53.20566,3.66137
"chalcomelas",-53.20566,3.66137
"chalcomelas",-53.20566,3.66137
"chalcomelas",-53.20566,3.66137
"chalcomelas",-53.20566,3.66137
"chalcomelas",-53.20566,3.66137
"chalcomelas",-53.20566,3.66137
"chalcomelas",-53.20566,3.66137
"chalcomelas",-53.20566,3.66137
"chalcomelas",-53.20566,3.66137
"chalcomelas",-53.20566,3.66137
"chalcomelas",-53.20566,3.66137
"chalcomelas",-53.20566,3.66137
"chalcomelas",-53.20566,3.66137
"chalcomelas",-53.20566,3.66137
"chalcomelas",-53.20566,3.66137
"chalcomelas",-53.20566,3.66137
"chalcomelas",-53.20566,3.66137
"chalcomelas",-53.20566,3.66137
"chalcomelas",-53.20566,3.66137
"chalcomelas",-53.20566,3.66137
"chalcomelas",-53.20566,3.66137
"chalcomelas",-53.20566,3.66137
"chalcomelas",-53.20566,3.66137
"chalcomelas",-53.20566,3.66137
"chalcomelas",-53.20566,3.66137
"chalcomelas",-53.20566,3.66137
"chalcomelas",-53.20566,3.66137
"chalcomelas",-53.20566,3.66137
"chalcomelas",-53.20566,3.66137
"chalcomelas",-53.20566,3.66137
"chalcomelas",-53.20566,3.66137
"chalcomelas",-53.20566,3.66137
"chalcomelas",-53.20566,3.66137
"chalcomelas",-53.20566,3.66137
"chalcomelas",-53.20566,3.66137
"chalcomelas",-53.20566,3.66137
"chalcomelas",-53.20566,3.66137
"chalcomelas",-73.535297,3.711014
"chalcomelas",-73.661281,3.749308
"chalcomelas",-52.66637,4.02426
"chalcomelas",-52.66637,4.02426
"chalcomelas",-52.66637,4.02426
"chalcomelas",-52.66637,4.02426
"chalcomelas",-52.66637,4.02426
"chalcomelas",-52.66637,4.02426
"chalcomelas",-52.66637,4.02426
"chalcomelas",-52.66637,4.02426
"chalcomelas",-52.66637,4.02426
"chalcomelas",-52.66637,4.02426
"chalcomelas",-52.66637,4.02426
"chalcomelas",-52.66637,4.02426
"chalcomelas",-52.66637,4.02426
"chalcomelas",-52.66637,4.02426
"chalcomelas",-52.66637,4.02426
"chalcomelas",-52.66637,4.02426
"chalcomelas",-52.66637,4.02426
"chalcomelas",-52.66637,4.02426
"chalcomelas",-52.66637,4.02426
"chalcomelas",-52.66637,4.02426
"chalcomelas",-52.66637,4.02426
"chalcomelas",-52.66637,4.02426
"chalcomelas",-52.66637,4.02426
"chalcomelas",-52.66637,4.02426
"chalcomelas",-52.66637,4.02426
"chalcomelas",-52.66637,4.02426
"chalcomelas",-52.66637,4.02426
"chalcomelas",-72.958333,4.087222
"chalcomelas",-72.958333,4.087222
"chalcomelas",-72.958333,4.087222
"chalcomelas",-72.958333,4.087222
"chalcomelas",-72.958333,4.087222
"chalcomelas",-72.958333,4.087222
"chalcomelas",-72.958333,4.087222
"chalcomelas",-72.958333,4.087222
"chalcomelas",-52.66656,4.11469
"chalcomelas",-52.66656,4.11469
"chalcomelas",-52.66656,4.11469
"chalcomelas",-52.66656,4.11469
"chalcomelas",-52.66656,4.11469
"chalcomelas",-52.66656,4.11469
"chalcomelas",-52.66656,4.11469
"chalcomelas",-52.66656,4.11469
"chalcomelas",-52.66656,4.11469
"chalcomelas",-52.66656,4.11469
"chalcomelas",-52.66656,4.11469
"chalcomelas",-52.66656,4.11469
"chalcomelas",-52.66656,4.11469
"chalcomelas",-52.66656,4.11469
"chalcomelas",-52.12613,4.11564
"chalcomelas",-52.12613,4.11564
"chalcomelas",-52.12613,4.11564
"chalcomelas",-52.12613,4.11564
"chalcomelas",-52.12613,4.11564
"chalcomelas",-52.12613,4.11564
"chalcomelas",-52.12613,4.11564
"chalcomelas",-52.12613,4.11564
"chalcomelas",-52.12613,4.11564
"chalcomelas",-52.12613,4.11564
"chalcomelas",-52.12613,4.11564
"chalcomelas",-52.12613,4.11564
"chalcomelas",-52.12613,4.11564
"chalcomelas",-52.12613,4.11564
"chalcomelas",-52.12613,4.11564
"chalcomelas",-52.12613,4.11564
"chalcomelas",-52.12613,4.11564
"chalcomelas",-52.12613,4.11564
"chalcomelas",-52.12613,4.11564
"chalcomelas",-52.12613,4.11564
"chalcomelas",-52.12613,4.11564
"chalcomelas",-52.12613,4.11564
"chalcomelas",-52.12613,4.11564
"chalcomelas",-52.12613,4.11564
"chalcomelas",-52.12613,4.11564
"chalcomelas",-52.12613,4.11564
"chalcomelas",-52.12613,4.11564
"chalcomelas",-52.12613,4.11564
"chalcomelas",-52.12613,4.11564
"chalcomelas",-52.12613,4.11564
"chalcomelas",-52.12613,4.11564
"chalcomelas",-52.12613,4.11564
"chalcomelas",-52.12613,4.11564
"chalcomelas",-52.12613,4.11564
"chalcomelas",-52.12613,4.11564
"chalcomelas",-52.12613,4.11564
"chalcomelas",-52.12613,4.11564
"chalcomelas",-52.12613,4.11564
"chalcomelas",-52.12613,4.11564
"chalcomelas",-52.12613,4.11564
"chalcomelas",-52.12613,4.11564
"chalcomelas",-52.12613,4.11564
"chalcomelas",-52.12613,4.11564
"chalcomelas",-72.559121,4.199201
"chalcomelas",-72.558072,4.199216
"chalcomelas",-72.558072,4.199216
"chalcomelas",-72.560139,4.199337
"chalcomelas",-52.30644,4.20581
"chalcomelas",-72.581922,4.20958
"chalcomelas",-72.567559,4.225246
"chalcomelas",-72.567559,4.225246
"chalcomelas",-72.568238,4.226906
"chalcomelas",-72.569856,4.251036
"chalcomelas",-72.569797,4.251581
"chalcomelas",-72.569658,4.252794
"chalcomelas",-54.738,4.27
"chalcomelas",-52.30659,4.29625
"chalcomelas",-68.006111,4.486944
"chalcomelas",-68.006111,4.486944
"chalcomelas",-52.30706,4.56759
"chalcomelas",-52.30706,4.56759
"chalcomelas",-53.3886,4.65519
"chalcomelas",-53.92937,4.74349
"chalcomelas",-52.39755,4.7483
"chalcomelas",-52.39755,4.7483
"chalcomelas",-52.39755,4.7483
"chalcomelas",-52.39755,4.7483
"chalcomelas",-52.39755,4.7483
"chalcomelas",-52.39755,4.7483
"chalcomelas",-52.39755,4.7483
"chalcomelas",-52.39755,4.7483
"chalcomelas",-52.39755,4.7483
"chalcomelas",-52.39755,4.7483
"chalcomelas",-52.39755,4.7483
"chalcomelas",-52.39755,4.7483
"chalcomelas",-52.39755,4.7483
"chalcomelas",-52.39755,4.7483
"chalcomelas",-52.39755,4.7483
"chalcomelas",-52.39755,4.7483
"chalcomelas",-52.39755,4.7483
"chalcomelas",-52.39755,4.7483
"chalcomelas",-52.39755,4.7483
"chalcomelas",-52.39755,4.7483
"chalcomelas",-52.39755,4.7483
"chalcomelas",-52.39755,4.7483
"chalcomelas",-52.39755,4.7483
"chalcomelas",-52.39755,4.7483
"chalcomelas",-52.39755,4.7483
"chalcomelas",-52.39755,4.7483
"chalcomelas",-52.39755,4.7483
"chalcomelas",-52.39755,4.7483
"chalcomelas",-52.39755,4.7483
"chalcomelas",-52.39755,4.7483
"chalcomelas",-52.39755,4.7483
"chalcomelas",-52.39755,4.7483
"chalcomelas",-52.39755,4.7483
"chalcomelas",-52.39755,4.7483
"chalcomelas",-52.39755,4.7483
"chalcomelas",-52.39755,4.7483
"chalcomelas",-54.589,4.82
"chalcomelas",-55.181389,4.948611
"chalcomelas",-52.75882,5.01874
"chalcomelas",-52.66865,5.01898
"chalcomelas",-52.66865,5.01898
"chalcomelas",-52.66865,5.01898
"chalcomelas",-52.66865,5.01898
"chalcomelas",-53.30071,5.28824
"chalcomelas",-64.7825,-17.105278
"chalcomelas",-64.7825,-17.105278
