t_species,longitude,latitude,
Phanaeus changdiazi,-84.6081,9.7675,
Phanaeus changdiazi,-84.6081,9.7675,
Phanaeus changdiazi,-84.6081,9.7675,
Phanaeus changdiazi,-84.6081,9.7765,
Phanaeus changdiazi,-84.6081,9.7765,
Phanaeus changdiazi,-84.6081,9.7675,
Phanaeus changdiazi,-84.6081,9.7675,
Phanaeus changdiazi,-84.6081,9.7675,
Phanaeus changdiazi,-84.6081,9.7742,
Phanaeus changdiazi,-84.6081,9.7675,
Phanaeus changdiazi,-84.6081,9.7675,
Phanaeus changdiazi,-84.6081,9.7742,
Phanaeus changdiazi,-84.6081,9.7675,
Phanaeus changdiazi,-84.6081,9.7742,
Phanaeus changdiazi,-84.6081,9.7675,
Phanaeus changdiazi,-84.6081,9.7742,
Phanaeus changdiazi,-84.6081,9.7675,
Phanaeus changdiazi,-84.6081,9.7742,
Phanaeus changdiazi,-84.6081,9.7675,
Phanaeus changdiazi,-84.6081,9.7675,
Phanaeus changdiazi,-84.6081,9.7742,
Phanaeus changdiazi,-84.6081,9.7742,
Phanaeus changdiazi,-84.6081,9.7742,
