"sp","x","y"
"chiapanecus",-93.1819,16.8219
"chiapanecus",-93.2218,16.8452
"chiapanecus",-93.222,16.8453
"chiapanecus",-93.2217,16.8451
"chiapanecus",-93.222,16.845
"chiapanecus",-93.1331,16.7664
"chiapanecus",-93.2128,16.8458
"chiapanecus",-93.1721,16.8051
"chiapanecus",-93.1698,16.8104
"chiapanecus",-93.1931,16.8572
"chiapanecus",-92.637823,16.733414
"chiapanecus",-92.793081,16.732144
"chiapanecus",-92.925972,16.748875
"chiapanecus",-93,16.75
"chiapanecus",-92.735757,16.492305
