sp,x,y
damocles,-99.692,17.542
damocles,-99.692,17.542
damocles,-99.692,17.542
damocles,-99.692,17.542
damocles,-99.692,17.542
damocles,-99.692,17.542
damocles,-99.692,17.542
damocles,-99.692,17.542
damocles,-99.692,17.542
damocles,-99.692,17.542
damocles,-99.692,17.542
damocles,-99.6917,17.5417
damocles,-99.6917,17.5417
damocles,-99.6917,17.5417
damocles,-99.6917,17.5417
damocles,-99.6917,17.5417
damocles,-99.6917,17.5417
damocles,-99.6917,17.5417
damocles,-99.6917,17.5417
damocles,-99.6917,17.5417
damocles,-99.6917,17.5417
damocles,-99.6917,17.5417
damocles,-96.435,17.293
damocles,-96.435,17.293
damocles,-96.435,17.292
damocles,-96.435,17.292
damocles,-99.2501,17.6334
damocles,-96.4667,16.0835
damocles,-96.447,17.3038
damocles,-96.71991,17.066303
damocles,-96.7681,17.0445
damocles,-97.2304,17.4622
