sp,x,y
difformis,-97.8846644,22.293139
difformis,-98.1502433,24.8419162
difformis,-93.8276965,35.4870295
difformis,-92.0186329,34.2403308
difformis,-92.0186329,34.2403308
difformis,-102.6207496,38.0872307
difformis,-102.6207496,38.0872307
difformis,-94.6076838,39.0470871
difformis,-97.8456052,38.1488992
difformis,-99.8124935,37.3158895
difformis,-99.8124935,37.3158895
difformis,-99.8124935,37.6540069
difformis,-99.8124935,37.6540069
difformis,-99.2785583,37.1894543
difformis,-99.2785583,37.1894543
difformis,-93.3251535,29.7977212
difformis,-93.3251535,29.7977212
difformis,-93.7004658,29.7641858
difformis,-93.758996,32.5428179
difformis,-93.758996,32.5428179
difformis,-90.1293799,29.9392983
difformis,-103.1590798,32.4373434
difformis,-103.1590798,32.4373434
difformis,-106.7962812,32.2755099
difformis,-106.7962812,32.2755099
difformis,-103.8911999,33.301463
difformis,-98.8820461,36.5333537
difformis,-98.8820461,36.5333537
difformis,-97.5949618,35.9092852
difformis,-97.5949618,35.9092852
difformis,-97.092877,35.0077519
difformis,-97.092877,35.0077519
difformis,-97.2221421,33.985839
difformis,-94.976654,35.8994729
difformis,-94.976654,35.8994729
difformis,-97.7893059,27.2217001
difformis,-97.882467,27.525159
difformis,-97.7897176,26.4122916
difformis,-97.7897176,26.4122916
difformis,-97.8148885,27.2986493
difformis,-97.8148885,27.2986493
difformis,-98.8203046,26.3797874
difformis,-98.8203046,26.3797874
difformis,-98.2,26.33
difformis,-99.7,28.43
difformis,-99.7,28.43
difformis,-99.7,28.43
difformis,-98.5,29.45
difformis,-98.5,29.45
difformis,-98.5,29.45
difformis,-96.3,30.66
difformis,-99.2,34.06
difformis,-98,32.35
difformis,-94.1,30.34
difformis,-94.1,30.34
difformis,-94.1,30.34
difformis,-94.1,30.34
difformis,-94.1,30.34
difformis,-94.1,30.34
difformis,-96.5,33.83
difformis,-96.5,33.83
difformis,-96.5,33.83
difformis,-98.5,27.7
difformis,-98.1,28.18
difformis,-98.4,26.74
difformis,-97.5,33.56
difformis,-97.7,27.18
difformis,-97.7,27.18
difformis,-97.7,27.18
difformis,-97.7,27.18
difformis,-97.7,27.18
difformis,-97.7,27.18
difformis,-97.7,27.18
difformis,-97.7,27.18
difformis,-97.7,27.18
difformis,-97.7,27.18
difformis,-97.7,27.18
difformis,-97.7,27.18
difformis,-97.7,27.18
difformis,-97.7,27.18
difformis,-97.7,27.18
difformis,-97.7,27.18
difformis,-97.7,27.18
difformis,-97.7,27.18
difformis,-97.7,27.18
difformis,-97.7,27.18
difformis,-97.7,27.18
difformis,-97.7,27.18
difformis,-97.7,27.18
difformis,-97.7,27.18
difformis,-97.7,26.93
difformis,-106.28178,35.03732
difformis,-97.6,33.52
difformis,-96.7,30.84
difformis,-96.7,30.84
difformis,-96.7,30.84
difformis,-96.7,30.84
difformis,-96.7,30.84
difformis,-96.7,30.84
difformis,-96.7,30.84
difformis,-96.5,31.3
difformis,-97,28.7
difformis,-98.1,27.12
difformis,-98.1,27.12
difformis,-98.1,27.12
difformis,-98.1,27.12
difformis,-98.1,27.12
difformis,-98.1,27.12
difformis,-98.1,27.12
difformis,-98.1,27.12
difformis,-98.1,27.12
difformis,-98.1,27.12
difformis,-98.1,27.12
difformis,-98.1,27.12
difformis,-98.1,27.12
difformis,-98.1,27.12
difformis,-98.1,27.12
difformis,-98.1,27.12
difformis,-98.1,27.12
difformis,-98.1,27.12
difformis,-98.1,27.12
difformis,-98.1,27.12
difformis,-98.1,27.12
difformis,-98.1,27.12
difformis,-98.1,27.12
difformis,-98.1,27.12
difformis,-98.1,27.12
difformis,-98.1,27.12
difformis,-98.1,27.12
difformis,-98.1,27.12
difformis,-98.1,27.12
difformis,-98.1,27.12
difformis,-98.1,27.12
difformis,-98.1,27.12
difformis,-98.1,27.12
difformis,-98.1,27.12
difformis,-98.1,27.12
difformis,-98.1,27.12
difformis,-98.1,27.12
difformis,-98.1,27.11
difformis,-98.1,27.11
difformis,-98.1,27.11
difformis,-98.1,28.21
difformis,-103,32
difformis,-103,32
difformis,-103.3875,32.32329
difformis,-99.4,28.32
difformis,-96.2,30.59
difformis,-96.2,30.59
difformis,-96.2,30.59
difformis,-96.2,30.59
difformis,-96.2,30.59
difformis,-96.3,30.61
difformis,-97.39611,27.80028
difformis,-97.39611,27.80028
difformis,-99.5,29.46
difformis,-98.8,30.27
difformis,-98.8,30.27
difformis,-94.7,29.3
difformis,-94.7,29.3
difformis,-94.7,29.3
difformis,-99.7,34.09
difformis,-97,26
difformis,-97,26
difformis,-97,26
difformis,-97,26
difformis,-97,26
difformis,-97,26
difformis,-97,26
difformis,-97,26
difformis,-97,26
difformis,-97,26
difformis,-97,26
difformis,-97.8,27.51
difformis,-97.8,27.51
difformis,-97.8,27.51
difformis,-97.3,26.28
difformis,-97.3,26.28
difformis,-97.8,38.14
difformis,-103.20523,34.4048
difformis,-103.20523,34.4048
difformis,-99,28.89
difformis,-95.9,30.09
difformis,-98.4,31.98
difformis,-98.4,31.98
difformis,-98.4,31.98
difformis,-98.4,31.98
difformis,-97.7,26.48
difformis,-98.5,34.1
difformis,-98.5,34.1
difformis,-98.5,34.1
difformis,-97.6,27.79
difformis,-98.1,27.12
difformis,-98.1,27.12
difformis,-98.1,27.12
difformis,-98.1,27.12
difformis,-98.1,27.12
difformis,-98.1,27.12
difformis,-98.1,27.12
difformis,-98.4,29.17
difformis,-98.2,32.22
difformis,-99.3,30.76
difformis,-97.3,28.1
difformis,-97.3,28.1
difformis,-97.3,28.1
difformis,-97.3,28.1
difformis,-97.3,28.1
difformis,-97.3,28.1
difformis,-97.3,28.1
difformis,-99.8,28.61
difformis,-96.66784,28.39718
difformis,-96.525,28.43947
difformis,-96.51185,28.47974
difformis,-96.46264,28.49778
difformis,-97.02837,30.38244
difformis,-97.02829,30.38256
difformis,-97.02582,30.38376
difformis,-98.82024,30.50374
difformis,-99.5175,27.48417
difformis,-97.1,27.73
difformis,-98.2,28.63
difformis,-97,28.8
difformis,-99.7,29.36
difformis,-98.4,29.48
difformis,-94,32.47
difformis,-97.9,32.61
