"sp","x","y"
"guatemalensis",-90.8834,14.6505
"guatemalensis",-91.1101,14.9455
"guatemalensis",-91.2663,14.7993
"guatemalensis",-91.5173,14.833
"guatemalensis",-91.2669,14.7716
"guatemalensis",-90.7092,14.494
"guatemalensis",-91.4837,14.784
"guatemalensis",-91.0498,14.8501
"guatemalensis",-90.734,14.5587
"guatemalensis",-91.8017,14.9638
"guatemalensis",-91.3178,14.8469
"guatemalensis",-91.1668,14.8333
"guatemalensis",-91.0585,14.8614
"guatemalensis",-90.9,14.53
"guatemalensis",-90.9,14.53
"guatemalensis",-92.0847,15.0894
"guatemalensis",-92.0911,15.0892
"guatemalensis",-92.0839,15.0833
"guatemalensis",-92.0847,15.0894
"guatemalensis",-92.0839,15.0833
"guatemalensis",-92.0911,15.0892
"guatemalensis",-92.0839,15.0833
"guatemalensis",-92.0839,15.0833
"guatemalensis",-92.0911,15.0892
"guatemalensis",-92.0847,15.0894
"guatemalensis",-92.0847,15.0894
"guatemalensis",-92.0911,15.0892
"guatemalensis",-92.0839,15.0833
"guatemalensis",-92.0911,15.0892
"guatemalensis",-92.0911,15.0892
"guatemalensis",-92.0847,15.0894
"guatemalensis",-92.0944,15.0794
"guatemalensis",-92.085,15.089
"guatemalensis",-92.085,15.089
"guatemalensis",-92.091,15.089
"guatemalensis",-92.085,15.089
"guatemalensis",-92.091,15.089
"guatemalensis",-92.084,15.083
"guatemalensis",-92.084,15.083
"guatemalensis",-92.094,15.079
"guatemalensis",-92.091,15.089
"guatemalensis",-92.085,15.089
"guatemalensis",-92.094,15.079
"guatemalensis",-92.091,15.089
"guatemalensis",-92.085,15.089
"guatemalensis",-92.085,15.089
"guatemalensis",-92.085,15.089
"guatemalensis",-92.3047,15.2322
"guatemalensis",-92.2736,15.2544
"guatemalensis",-92.3047,15.2322
"guatemalensis",-92.2736,15.2544
"guatemalensis",-92.2817,15.2631
"guatemalensis",-92.282,15.263
"guatemalensis",-92.305,15.232
"guatemalensis",-92.274,15.254
"guatemalensis",-92.282,15.263
"guatemalensis",-92.104097,15.723497
