"sp","x","y"
"mexicanus",-99.5164,17.5164
"mexicanus",-99.5164,17.5164
"mexicanus",-99.5164,17.5164
"mexicanus",-99.5164,17.5164
"mexicanus",-99.5164,17.5164
"mexicanus",-99.5164,17.5164
"mexicanus",-99.5164,17.5164
"mexicanus",-99.5164,17.5164
"mexicanus",-99.5164,17.5164
"mexicanus",-99.5164,17.5164
"mexicanus",-99.5164,17.5164
"mexicanus",-99.5164,17.5164
"mexicanus",-99.5164,17.5164
"mexicanus",-99.5164,17.5164
"mexicanus",-99.4672,17.3606
"mexicanus",-99.0267,17.4483
"mexicanus",-99.0267,17.4483
"mexicanus",-99.1767,17.5917
"mexicanus",-99.516,17.516
"mexicanus",-99.516,17.516
"mexicanus",-99.4672,17.3606
"mexicanus",-99.4672,17.3606
"mexicanus",-99.53,17.1633
"mexicanus",-99.53,17.1633
"mexicanus",-99.53,17.1633
"mexicanus",-99.516,17.516
"mexicanus",-99.467,17.361
"mexicanus",-99.516,17.516
"mexicanus",-99.516,17.516
"mexicanus",-99.516,17.516
"mexicanus",-99.516,17.516
"mexicanus",-99.516,17.516
"mexicanus",-99.516,17.516
"mexicanus",-99.516,17.516
"mexicanus",-99.516,17.516
"mexicanus",-99.516,17.516
"mexicanus",-99.516,17.516
"mexicanus",-99.516,17.516
"mexicanus",-99.4672,17.3606
"mexicanus",-99.4672,17.3606
"mexicanus",-99.4672,17.3606
"mexicanus",-99.4672,17.3606
"mexicanus",-99.4672,17.3606
"mexicanus",-99.4672,17.3606
"mexicanus",-99.4672,17.3606
"mexicanus",-99.4672,17.3606
"mexicanus",-99.4672,17.3606
"mexicanus",-99.4672,17.3606
"mexicanus",-99.4672,17.3606
"mexicanus",-99.4672,17.3606
"mexicanus",-99.454,17.3554
"mexicanus",-99.5978,18.4547
"mexicanus",-99.873,18.367
"mexicanus",-99.4675,17.3603
"mexicanus",-99.64,18.96
"mexicanus",-99.61,18.875
"mexicanus",-99.61,18.875
"mexicanus",-99.61,18.875
"mexicanus",-100.0414,19.0433
"mexicanus",-99.4664,18.9831
"mexicanus",-100.0448,19.0442
"mexicanus",-99.2342,18.9186
"mexicanus",-98.9811,18.9556
"mexicanus",-98.9811,18.9556
"mexicanus",-99.2497,18.9331
"mexicanus",-99.1164,18.9833
"mexicanus",-99.1164,18.9833
"mexicanus",-99.1164,18.9833
"mexicanus",-99.1164,18.9833
"mexicanus",-99.1164,18.9833
"mexicanus",-99.1164,18.9833
"mexicanus",-99.1164,18.9833
"mexicanus",-99.1164,18.9833
"mexicanus",-99.2497,18.9331
"mexicanus",-98.9506,18.8019
"mexicanus",-98.9836,18.9167
"mexicanus",-98.9506,18.8019
"mexicanus",-99.0833,18.9833
"mexicanus",-99.0833,18.9833
"mexicanus",-98.8167,18.9167
"mexicanus",-98.8333,18.7333
"mexicanus",-98.9833,18.95
"mexicanus",-98.955,18.812
"mexicanus",-99.23,18.9367
"mexicanus",-98.945,18.8233
"mexicanus",-98.945,18.8233
"mexicanus",-99.234,18.919
"mexicanus",-98.981,18.956
"mexicanus",-98.981,18.956
"mexicanus",-99.0123,18.4282
"mexicanus",-99.0123,18.4282
"mexicanus",-99.1,18.9833
"mexicanus",-99.1,18.9833
"mexicanus",-99.0631,19.0134
"mexicanus",-99.2497,18.9331
"mexicanus",-99.2497,18.9331
"mexicanus",-99.002,18.982
"mexicanus",-99.2372,18.7767
"mexicanus",-99.2372,18.7767
"mexicanus",-99.2341,18.7966
"mexicanus",-99.2341,18.7966
"mexicanus",-99.2497,18.9331
"mexicanus",-99.1,18.9833
"mexicanus",-99.1,18.9833
"mexicanus",-99.1,18.9833
"mexicanus",-98.1833,18.8667
"mexicanus",-97.0844,19.1836
"mexicanus",-98.1833,18.8667
"mexicanus",-98.4664,18.6164
"mexicanus",-95.1136,18.4194
"mexicanus",-95.0664,18.5164
"mexicanus",-96.4164,18.8664
"mexicanus",-95.0664,18.5164
"mexicanus",-95.0664,18.5164
"mexicanus",-95.0664,18.5164
"mexicanus",-96.6875,18.6036
"mexicanus",-95.0664,18.5164
"mexicanus",-95.3064,18.5332
"mexicanus",-95.066,18.516
"mexicanus",-95.0664,18.5164
"mexicanus",-96.9733,19.0683
"mexicanus",-96.9733,19.0683
"mexicanus",-96.9733,19.0683
"mexicanus",-96.9733,19.0683
"mexicanus",-95.1136,18.4194
"mexicanus",-95.114,18.419
"mexicanus",-95.114,18.419
"mexicanus",-96.973,19.068
"mexicanus",-95.0047887,18.52718255
"mexicanus",-96.7699,18.6809
"mexicanus",-96.7699,18.6809
"mexicanus",-95.3064,18.5332
"mexicanus",-96.0344,18.1812
"mexicanus",-95.3064,18.5332
"mexicanus",-95.12,18.372
"mexicanus",-95.12,18.3725
