sp,x,y
palliatus,-104.2098,23.5537
palliatus,-104.3953,19.6883
palliatus,-104.3958,19.6919
palliatus,-103.8844,20.3042
palliatus,-99.2167,19.4667
palliatus,-99.2167,19.4667
palliatus,-99.2167,19.4667
palliatus,-99.2167,19.4667
palliatus,-100.131,19.192
palliatus,-100.131,19.192
palliatus,-104.3878,19.6997
palliatus,-99.23,18.9367
palliatus,-98.6295,20.1678
palliatus,-99.6619,19.2481
palliatus,-99.25,19.5167
palliatus,-100.4167,20.75
palliatus,-100.4167,20.75
palliatus,-100.4167,20.75
palliatus,-100.4167,20.75
palliatus,-104.21,23.554
palliatus,-101.548,19.675
palliatus,-101.509,19.692
palliatus,-101.504,19.704
palliatus,-101.504,19.687
palliatus,-101.504,19.687
palliatus,-101.509,19.692
palliatus,-101.504,19.687
palliatus,-101.548,19.675
palliatus,-101.548,19.675
palliatus,-101.504,19.704
palliatus,-101.504,19.704
palliatus,-101.504,19.704
palliatus,-101.51,19.686
palliatus,-104.395,19.688
palliatus,-104.396,19.692
palliatus,-103.884,20.304
palliatus,-101.504,19.687
palliatus,-101.163,19.71
palliatus,-101.517,19.688
palliatus,-101.504,19.704
palliatus,-101,19.71
palliatus,-104.65,20.416
palliatus,-99.65,18.966
palliatus,-101.504,19.687
palliatus,-101.504,19.687
palliatus,-101.504,19.704
palliatus,-101.548,19.675
palliatus,-101.548,19.675
palliatus,-101.509,19.692
palliatus,-101.504,19.687
palliatus,-101.504,19.687
palliatus,-101.51,19.686
palliatus,-101.509,19.692
palliatus,-104.388,19.7
palliatus,-101.548,19.675
palliatus,-101.504,19.704
palliatus,-101.504,19.687
palliatus,-101.504,19.687
palliatus,-101.448,19.636
palliatus,-101.548,19.675
palliatus,-98.63,20.168
palliatus,-99.662,19.248
palliatus,-104,19.56
palliatus,-104,19.56
palliatus,-104,19.56
palliatus,-104,19.56
palliatus,-99.23,18.937
palliatus,-104.6497,20.4164
palliatus,-99.6497,18.9664
palliatus,-99.4879,19.159
palliatus,-99.4879,19.159
palliatus,-99.65,19.2833
palliatus,-99.2442,19.485
palliatus,-99.2442,19.485
palliatus,-103.262,20.299
palliatus,-100.0448,19.0442
palliatus,-100.0448,19.0442
palliatus,-100.0448,19.0442
palliatus,-99.111,19.2416
palliatus,-99.111,19.2416
palliatus,-99.65,19.2833
palliatus,-100.0667,19.3333
