sp,x,y
pseudofurcosus,-103.9617,19.4008
pseudofurcosus,-103.9617,19.4008
pseudofurcosus,-103.9617,19.4008
pseudofurcosus,-103.9617,19.4008
pseudofurcosus,-103.9617,19.4008
pseudofurcosus,-103.9617,19.4008
pseudofurcosus,-103.9617,19.4008
pseudofurcosus,-103.9617,19.4008
pseudofurcosus,-104.3958,19.6919
pseudofurcosus,-104.4119,19.5861
pseudofurcosus,-104.4119,19.5861
pseudofurcosus,-104.2881,19.28
pseudofurcosus,-104.2881,19.28
pseudofurcosus,-104.4306,19.6625
pseudofurcosus,-104.4306,19.6625
pseudofurcosus,-104.4306,19.6625
pseudofurcosus,-104.1586,19.8264
pseudofurcosus,-104.1586,19.8264
pseudofurcosus,-104.0803,19.6606
pseudofurcosus,-104.7761904,19.30381903
pseudofurcosus,-104.7761904,19.30381903
pseudofurcosus,-105.072,19.526
pseudofurcosus,-104.981,19.384
pseudofurcosus,-104.3,19.683
pseudofurcosus,-103.283,19.083
pseudofurcosus,-105.326569,20.319796
pseudofurcosus,-105.280919,20.140788
pseudofurcosus,-103.724341,19.244361
pseudofurcosus,-103.719815,19.060909
pseudofurcosus,-103.501819,19.164674
pseudofurcosus,-103.160518,18.774251
pseudofurcosus,-104.2997,19.6831
pseudofurcosus,-103.2831,19.0831
