sp,x,y
quadridens,-99.264443,19.837875
quadridens,-107.615115,28.676616
quadridens,-106.833983,29.069448
quadridens,-106.862125,28.404239
quadridens,-106.862125,28.404239
quadridens,-108.032601,30.268087
quadridens,-106.862125,28.404239
quadridens,-106.862125,28.404239
quadridens,-106.862125,28.404239
quadridens,-106.862125,28.404239
quadridens,-106.862125,28.404239
quadridens,-98.309758,19.241241
quadridens,-108.831854,30.695017
quadridens,-107.797108,28.955961
quadridens,-107.802602,28.961629
quadridens,-105.813304,26.815908
quadridens,-104.170278,23.3375
quadridens,-104.154028,23.431111
quadridens,-104.131667,23.435278
quadridens,-99.211389,19.646111
quadridens,-104.154028,23.431111
quadridens,-104.154028,23.431111
quadridens,-98.689861,20.149417
quadridens,-103.152778,22.064167
quadridens,-104.154028,23.431111
quadridens,-104.154028,23.431111
quadridens,-104.154028,23.431111
quadridens,-104.209833,23.553722
quadridens,-97.588333,19.871667
quadridens,-104.154028,23.431111
quadridens,-104.154028,23.431111
quadridens,-104.154028,23.431111
quadridens,-104.154028,23.431111
quadridens,-104.154028,23.431111
quadridens,-104.154028,23.431111
quadridens,-104.154028,23.431111
quadridens,-104.170278,23.3375
quadridens,-104.170278,23.3375
quadridens,-104.154028,23.431111
quadridens,-104.170278,23.3375
quadridens,-104.154028,23.431111
quadridens,-104.154028,23.431111
quadridens,-104.170278,23.3375
quadridens,-104.154028,23.431111
quadridens,-104.154028,23.431111
quadridens,-104.170278,23.3375
quadridens,-104.154028,23.431111
quadridens,-104.154028,23.431111
quadridens,-104.209833,23.553722
quadridens,-97.38754,19.46552
quadridens,-97.440778,19.476389
quadridens,-97.440306,19.476306
quadridens,-97.440778,19.476389
quadridens,-97.438444,19.474222
quadridens,-97.440972,19.474694
quadridens,-97.438444,19.473694
quadridens,-97.440306,19.476306
quadridens,-97.354917,19.293278
quadridens,-97.438892,19.473639
quadridens,-97.438892,19.473639
quadridens,-97.391944,18.461111
quadridens,-101.890615,21.939472
quadridens,-101.430893,21.144125
quadridens,-106.369697,26.310836
quadridens,-107.743627,29.274118
quadridens,-107.743627,29.274118
quadridens,-107.743627,29.274118
quadridens,-107.743627,29.274118
quadridens,-107.743627,29.274118
quadridens,-107.743627,29.274118
quadridens,-107.743627,29.274118
quadridens,-107.743627,29.274118
quadridens,-107.743627,29.274118
quadridens,-107.750541,29.246341
quadridens,-107.743627,29.274118
quadridens,-99.658333,19.291667
quadridens,-99.658333,19.291667
quadridens,-101.504167,19.686667
quadridens,-101.504167,19.686667
quadridens,-101.504167,19.686667
quadridens,-101.504167,19.686667
quadridens,-101.504167,19.686667
quadridens,-101.504167,19.686667
quadridens,-101.504167,19.686667
quadridens,-101.504167,19.686667
quadridens,-101.504167,19.686667
quadridens,-101.504167,19.686667
quadridens,-101.504167,19.686667
quadridens,-101.504167,19.686667
quadridens,-101.504167,19.686667
quadridens,-101.504167,19.686667
quadridens,-101.504167,19.686667
quadridens,-101.508611,19.6925
quadridens,-101.504167,19.686667
quadridens,-101.548056,19.674722
quadridens,-101.548056,19.674722
quadridens,-101.548056,19.674722
quadridens,-101.548056,19.674722
quadridens,-101.548056,19.674722
quadridens,-101.548056,19.674722
quadridens,-101.548056,19.674722
quadridens,-107.748333,29.253333
quadridens,-105.588333,26.76
quadridens,-104.858333,26.24
quadridens,-99.216667,19.3
quadridens,-99.216667,19.3
quadridens,-99.216667,19.3
quadridens,-99.216667,19.3
quadridens,-98.066389,20.199722
quadridens,-103.83,24.483333
quadridens,-103.83,24.483333
quadridens,-103.83,24.483333
quadridens,-98.666389,20.666389
quadridens,-98.666389,20.666389
quadridens,-99.995556,19.4375
quadridens,-99.1125,19.482222
quadridens,-99.1125,19.482222
quadridens,-99.995556,19.4375
quadridens,-103.916389,23.633056
quadridens,-103.916389,23.633056
quadridens,-103.916389,23.633056
quadridens,-103.916389,23.633056
quadridens,-103.916389,23.633056
quadridens,-103.916389,23.633056
quadridens,-103.916389,23.633056
quadridens,-101.633056,19.516389
quadridens,-98.655833,20.645833
quadridens,-101.249722,21.033056
quadridens,-101.249722,21.033056
quadridens,-98.655833,20.645833
quadridens,-101.249722,21.033056
quadridens,-104.133333,23.436667
quadridens,-104.133333,23.436667
quadridens,-104.133333,23.436667
quadridens,-101.166667,21.083333
quadridens,-100.098333,19.375
quadridens,-99.083056,19.416389
quadridens,-97.316389,18.716389
quadridens,-97.316389,18.716389
quadridens,-105.733056,23.666389
quadridens,-103.9825,23.729722
quadridens,-98.383056,20.083056
quadridens,-103.9825,23.729722
quadridens,-99.486667,19.16
quadridens,-99.486667,19.16
quadridens,-99.486667,19.16
quadridens,-105.91,28.836667
quadridens,-98.599722,20.216389
quadridens,-98.666389,20.666389
quadridens,-99.233056,19.716389
quadridens,-106.783056,25.499722
quadridens,-108.051824,30.283591
quadridens,-99.138611,19.434167
quadridens,-101.548056,19.674722
quadridens,-101.504167,19.686667
quadridens,-101.504167,19.686667
quadridens,-107.807885,28.941936
quadridens,-107.807885,28.941936
quadridens,-107.807885,28.941936
quadridens,-107.75389,28.8425
quadridens,-104.644825,24.001723
quadridens,-105.366667,23.783333
quadridens,-101.12778,20.21111
quadridens,-101.12778,20.21111
quadridens,-101.12778,20.21111
quadridens,-97.29667,18.71972
quadridens,-97.29667,18.71972
quadridens,-97.29667,18.71972
quadridens,-97.29667,18.71972
quadridens,-97.29667,18.71972
quadridens,-97.29667,18.71972
quadridens,-97.29667,18.71972
quadridens,-97.29667,18.71972
quadridens,-97.29667,18.71972
quadridens,-97.29667,18.71972
quadridens,-100.35861,19.4375
quadridens,-100.4557,19.90817
quadridens,-98.4375,18.90694
quadridens,-98.4375,18.90694
quadridens,-98.57556,20.20333
quadridens,-98.57556,20.20333
quadridens,-98.65306,20.64389
quadridens,-98.65306,20.64389
quadridens,-98.65306,20.64389
quadridens,-98.65306,20.64389
quadridens,-98.65306,20.64389
quadridens,-98.65306,20.64389
quadridens,-98.65306,20.64389
quadridens,-98.65306,20.64389
quadridens,-98.65306,20.64389
quadridens,-98.65306,20.64389
quadridens,-98.65306,20.64389
quadridens,-98.65306,20.64389
quadridens,-98.65306,20.64389
quadridens,-98.65306,20.64389
quadridens,-98.65306,20.64389
quadridens,-98.65306,20.64389
quadridens,-98.65306,20.64389
quadridens,-98.65306,20.64389
quadridens,-98.65306,20.64389
quadridens,-98.65306,20.64389
quadridens,-98.65306,20.64389
quadridens,-98.65306,20.64389
quadridens,-98.65306,20.64389
quadridens,-98.65306,20.64389
quadridens,-98.65306,20.64389
quadridens,-98.65306,20.64389
quadridens,-98.65306,20.64389
quadridens,-98.65306,20.64389
quadridens,-98.65306,20.64389
quadridens,-98.65306,20.64389
quadridens,-98.65306,20.64389
quadridens,-98.65306,20.64389
quadridens,-98.56056,20.21889
quadridens,-98.535,20.23667
quadridens,-98.535,20.23667
quadridens,-98.535,20.23667
quadridens,-98.535,20.23667
quadridens,-99.16806,19.21083
quadridens,-99.16806,19.21083
quadridens,-99.309186,19.307433
quadridens,-99.267,19.367
quadridens,-99.267,19.367
quadridens,-99.267,19.367
quadridens,-99.267,19.367
quadridens,-99.267,19.367
quadridens,-99.125631,19.36282
quadridens,-99.211667,19.22
quadridens,-99.7,20.23
quadridens,-99,19.28
quadridens,-99,19.28
quadridens,-99.7,20.23
quadridens,-108,31.32
quadridens,-101.1667,21.0833
quadridens,-103.83,24.4833
quadridens,-103.9164,23.6331
quadridens,-103.9164,23.6331
quadridens,-103.83,24.4833
quadridens,-103.9164,23.6331
quadridens,-103.9825,23.7297
quadridens,-103.9164,23.6331
quadridens,-103.9164,23.6331
quadridens,-103.83,24.4833
quadridens,-104.1333,23.4367
quadridens,-104.1333,23.4367
quadridens,-103.9825,23.7297
quadridens,-99.2167,19.3
quadridens,-99.2167,19.3
quadridens,-99.2167,19.3
quadridens,-98.6664,20.6664
quadridens,-99.1125,19.4822
quadridens,-98.6664,20.6664
quadridens,-98.5997,20.2164
quadridens,-98.3831,20.0831
quadridens,-105.91,28.8367
quadridens,-107.7483,29.2533
quadridens,-105.5883,26.76
quadridens,-101.2497,21.0331
quadridens,-101.6331,19.5164
quadridens,-99.2167,19.3
quadridens,-104.8583,26.24
quadridens,-97.3164,18.7164
quadridens,-98.0664,20.1997
quadridens,-103.9164,23.6331
quadridens,-100.0983,19.375
quadridens,-99.9956,19.4375
quadridens,-99.9956,19.4375
quadridens,-98.6558,20.6458
quadridens,-98.6558,20.6458
quadridens,-99.4867,19.16
quadridens,-97.3164,18.7164
quadridens,-99.4867,19.16
quadridens,-99.4867,19.16
quadridens,-99.0831,19.4164
quadridens,-104.1333,23.4367
quadridens,-105.7331,23.6664
quadridens,-99.2331,19.7164
quadridens,-106.7831,25.4997
quadridens,-98.6664,20.6664
quadridens,-103.1528,22.0642
quadridens,-104.1317,23.4353
quadridens,-99.2114,19.6461
quadridens,-101.5481,19.6747
quadridens,-101.5086,19.6925
quadridens,-101.5042,19.6867
quadridens,-101.5042,19.6867
quadridens,-101.5042,19.6867
quadridens,-101.5042,19.6867
quadridens,-101.5042,19.6867
quadridens,-101.5042,19.6867
quadridens,-101.5481,19.6747
quadridens,-101.5481,19.6747
quadridens,-101.5481,19.6747
quadridens,-101.5481,19.6747
quadridens,-101.5042,19.6867
quadridens,-101.5042,19.6867
quadridens,-101.5042,19.6867
quadridens,-101.5481,19.6747
quadridens,-101.5481,19.6747
quadridens,-98.8901,19.9484
quadridens,-99.65,19.2833
quadridens,-108.1449,29.1926
quadridens,-104.805,24.0206
quadridens,-97.3919,18.4611
quadridens,-99.233,19.716
quadridens,-99.2331,19.7164
quadridens,-99.2117,19.22
quadridens,-104.1703,23.3375
quadridens,-104.154,23.4311
quadridens,-104.154,23.4311
quadridens,-104.154,23.4311
quadridens,-104.154,23.4311
quadridens,-104.2098,23.5537
quadridens,-104.2098,23.5537
quadridens,-98.6899,20.1494
quadridens,-104.132,23.435
quadridens,-104.21,23.554
quadridens,-104.21,23.554
quadridens,-104.154,23.431
quadridens,-104.154,23.431
quadridens,-104.154,23.431
quadridens,-104.154,23.431
quadridens,-104.17,23.338
quadridens,-108,31.32
quadridens,-101.504,19.687
quadridens,-101.504,19.687
quadridens,-101.548,19.675
quadridens,-101.548,19.675
quadridens,-101.504,19.687
quadridens,-108,31.32
quadridens,-99.211,19.646
quadridens,-106.783,25.5
quadridens,-98.666,20.666
quadridens,-101.504,19.687
quadridens,-101.504,19.687
quadridens,-101.504,19.687
quadridens,-101.504,19.687
quadridens,-101.504,19.687
quadridens,-98.69,20.149
quadridens,-105.84315,23.485624
quadridens,-98.6664,20.6664
quadridens,-108.1449,29.1926
quadridens,-99.1,18.9833
quadridens,-99.1,18.9833
quadridens,-99.6633,20.2861
quadridens,-99.6633,20.2861
quadridens,-99.6633,20.2861
quadridens,-98.666,20.666
quadridens,-98.666,20.666
quadridens,-99.2442,19.485
quadridens,-99.2442,19.485
quadridens,-99.1332,19.4673
quadridens,-98.708,20.487
quadridens,-99.1682,19.4642
quadridens,-99.7675,19.5692
quadridens,-99.2995,19.3556
quadridens,-99.2995,19.3556
quadridens,-99.2995,19.3556
quadridens,-99.2995,19.3556
quadridens,-99.2995,19.3556
quadridens,-99.1332,19.4673
quadridens,-99.1332,19.4673
quadridens,-99.111,19.2416
quadridens,-99.3445,20.0514
quadridens,-99.1682,19.4642
quadridens,-99.7384,20.1498
quadridens,-99.1682,19.4642
quadridens,-99.1682,19.4642
quadridens,-99.1682,19.4642
quadridens,-99.1682,19.4642
quadridens,-99.65,19.2833
quadridens,-100.131,19.192
quadridens,-100.131,19.192
quadridens,-106.0808,28.6292
quadridens,-101.9213,20.0891
quadridens,-105.5823,26.7583
quadridens,-99.65,19.2833
quadridens,-100.0992,19.3777
quadridens,-100.0667,19.3333
quadridens,-99.7,20.23
quadridens,-99.1831,19.28
quadridens,-99.7,20.23
quadridens,-103.153,22.064
quadridens,-97.5883,19.8717
quadridens,-99.811532,20.711548
quadridens,-99.812013,20.710873
quadridens,-99.812009,20.710901
quadridens,-99.811966,20.710893
quadridens,-102.122944,21.274722
quadridens,-101.740611,21.473917
quadridens,-103.639166,23.634246
quadridens,-98.193302,19.555393
quadridens,-102.4,23.35
quadridens,-97.376409,19.472395
quadridens,-97.386944,19.463889
quadridens,-97.354722,19.293056
quadridens,-97.438333,19.474167
quadridens,-97.968611,19.266111
quadridens,-108.372778,28.255278
quadridens,-107.990634,28.312037
quadridens,-110.139236,32.004527
quadridens,-105.837101,23.562248
quadridens,-104.765067,22.497027
quadridens,-99.11359,19.483885
quadridens,-98.369992,20.089602
quadridens,-98.758746,20.099262
quadridens,-103.969368,20.910075
quadridens,-100.041973,19.043661
