"sp","x","y"
"s-chryseicollis",-95.0831,18.5831
"s-chryseicollis",-95.0831,18.5831
"s-chryseicollis",-91.0147,16.1032
"s-chryseicollis",-90.9387,16.1303
"s-chryseicollis",-90.9382,16.1379
"s-chryseicollis",-90.9316,16.1173
"s-chryseicollis",-90.9386,16.139
"s-chryseicollis",-90.9368,16.1145
"s-chryseicollis",-90.9355,16.1154
"s-chryseicollis",-90.9306,16.1193
"s-chryseicollis",-90.9382,16.1368
"s-chryseicollis",-90.9394,16.1206
"s-chryseicollis",-90.9396,16.1216
"s-chryseicollis",-95.07,18.585
"s-chryseicollis",-95.07,18.585
"s-chryseicollis",-95.0781,18.5867
"s-chryseicollis",-95.0781,18.5867
"s-chryseicollis",-95.0781,18.5867
"s-chryseicollis",-95.0781,18.5867
"s-chryseicollis",-95.0781,18.5867
"s-chryseicollis",-95.0781,18.5867
"s-chryseicollis",-95.0781,18.5867
"s-chryseicollis",-95.0781,18.5867
"s-chryseicollis",-95.0781,18.5867
"s-chryseicollis",-95.0781,18.5867
"s-chryseicollis",-95.0781,18.5867
"s-chryseicollis",-95.0781,18.5867
"s-chryseicollis",-95.0781,18.5867
"s-chryseicollis",-95.0781,18.5867
"s-chryseicollis",-95.0781,18.5867
"s-chryseicollis",-96.7375,17.9494
"s-chryseicollis",-96.7042,17.975
"s-chryseicollis",-95.0667,18.5833
"s-chryseicollis",-95.0667,18.5833
"s-chryseicollis",-95.0928,18.6397
"s-chryseicollis",-95.0903,18.6286
"s-chryseicollis",-95.0831,18.6117
"s-chryseicollis",-95.0825,18.5919
"s-chryseicollis",-95.1194,18.6031
"s-chryseicollis",-95.1469,18.6469
"s-chryseicollis",-95.1593636,18.6602182
"s-chryseicollis",-95.0986,18.6261
"s-chryseicollis",-91.1528,16.8281
"s-chryseicollis",-91.015,16.103
"s-chryseicollis",-90.939,16.13
"s-chryseicollis",-90.938,16.138
"s-chryseicollis",-90.932,16.117
"s-chryseicollis",-90.939,16.139
"s-chryseicollis",-90.937,16.114
"s-chryseicollis",-90.936,16.115
"s-chryseicollis",-90.931,16.119
"s-chryseicollis",-90.939,16.121
"s-chryseicollis",-90.94,16.122
"s-chryseicollis",-95.078,18.587
"s-chryseicollis",-95.078,18.587
"s-chryseicollis",-95.078,18.587
"s-chryseicollis",-95.078,18.587
"s-chryseicollis",-95.078,18.587
"s-chryseicollis",-95.078,18.587
"s-chryseicollis",-95.1589636,18.6600182
"s-chryseicollis",-95.147,18.647
"s-chryseicollis",-95.093,18.64
"s-chryseicollis",-95.09,18.629
"s-chryseicollis",-95.099,18.626
"s-chryseicollis",-95.083,18.612
"s-chryseicollis",-95.119,18.603
"s-chryseicollis",-95.082,18.592
"s-chryseicollis",-95,18.5
"s-chryseicollis",-91.153,16.828
"s-chryseicollis",-95.078,18.587
"s-chryseicollis",-95.078,18.587
"s-chryseicollis",-90.938,16.137
"s-chryseicollis",-95.078,18.587
"s-chryseicollis",-95.078,18.587
"s-chryseicollis",-95.078,18.587
"s-chryseicollis",-95.078,18.587
"s-chryseicollis",-95.078,18.587
"s-chryseicollis",-95.078,18.587
"s-chryseicollis",-95.078,18.587
"s-chryseicollis",-95.07,18.585
"s-chryseicollis",-95.07,18.585
"s-chryseicollis",-95.1,18.583
"s-chryseicollis",-95.1,18.583
"s-chryseicollis",-91.1294,16.7611
"s-chryseicollis",-91.1294,16.7611
"s-chryseicollis",-96.7699,18.6809
"s-chryseicollis",-96.7699,18.6809
"s-chryseicollis",-95.07,18.585
"s-chryseicollis",-95.07,18.585
"s-chryseicollis",-95.07,18.585
"s-chryseicollis",-90.9,16.15
"s-chryseicollis",-95.0667,18.5667
"s-chryseicollis",-96.9,19.08
"s-chryseicollis",-95.1,18.5833
"s-chryseicollis",-95.1,18.5833
"s-chryseicollis",-94.746922,16.869389
"s-chryseicollis",-94.747717,16.86922
"s-chryseicollis",-94.749285,16.868944
"s-chryseicollis",-94.750655,16.869406
"s-chryseicollis",-94.75385,16.868579
"s-chryseicollis",-94.768206,16.916322
"s-chryseicollis",-94.767897,16.91618
"s-chryseicollis",-94.767498,16.916196
"s-chryseicollis",-94.765169,16.920685
"s-chryseicollis",-94.219343,16.741567
"s-chryseicollis",-94.221388,16.743374
"s-chryseicollis",-94.221568,16.745705
"s-chryseicollis",-94.7167,16.859761
"s-chryseicollis",-94.118035,17.050735
"s-chryseicollis",-97.497201,19.846358
"s-chryseicollis",-97.8528,20.2481
"s-chryseicollis",-96.294045,17.785213
"s-chryseicollis",-96.326744,17.740488
"s-chryseicollis",-96.440953,17.627975
"s-chryseicollis",-96.73843,17.951081
"s-chryseicollis",-96.702681,17.975255
