sp,x,y
alvarengai,-66.1,-10.983333
alvarengai,-65.366667,-10.366667
alvarengai,-60.815833,-13.903611
alvarengai,-60.815833,-13.919444
alvarengai,-60.9125,-13.602778
alvarengai,-60.898611,-13.638889
alvarengai,-60.923611,-14.566667
alvarengai,-35.128899,-6.38
alvarengai,-35.2094,-5.795
alvarengai,-35.1289,-6.38
alvarengai,-60.916667,-13.65
alvarengai,-60.916667,-13.65
alvarengai,-66.1,-10.983333
alvarengai,-62.866667,-10.283333
alvarengai,-61.033333,-3.7
alvarengai,-51.333333,-1.75
alvarengai,-69.03,-12.355278
