sp,x,y
alvarengai,-51.333333,-1.75
alvarengai,-61.033333,-3.7
alvarengai,-62.866667,-10.283333
alvarengai,-65.36666667,-10.36666667
alvarengai,-65.366667,-10.366667
alvarengai,-66.1,-10.983333
alvarengai,-66.1,-10.983333
alvarengai,-66.1,-10.98333333
alvarengai,-69.03,-12.35527778
alvarengai,-69.03,-12.355278
alvarengai,-60.9125,-13.60277778
alvarengai,-60.9125,-13.602778
alvarengai,-60.89861111,-13.63888889
alvarengai,-60.898611,-13.638889
alvarengai,-60.916667,-13.65
alvarengai,-60.916667,-13.65
alvarengai,-60.815833,-13.903611
alvarengai,-60.81583333,-13.90361111
alvarengai,-60.815833,-13.919444
alvarengai,-60.81583333,-13.91944444
