"sp","x","y"
"splendidulus",-40.30175833,-20.31538611
"splendidulus",-40.52928333,-20.10251389
"splendidulus",-42.53333333,-19.46666667
"splendidulus",-42.6093,-19.220075
"splendidulus",-42.53297778,-22.28673611
"splendidulus",-42.96619444,-22.41217222
"splendidulus",-44.56086389,-22.49589444
"splendidulus",-49.24331111,-26.4261
"splendidulus",-45.73301944,-23.71035
"splendidulus",-45.78333333,-22.4
"splendidulus",-47.41666667,-21.98333333
"splendidulus",-46.93333333,-23.23333333
"splendidulus",-48.8,-27.73333333
"splendidulus",-49.36313611,-25.58757778
"splendidulus",-40.08555556,-19.29583333
"splendidulus",-45.085,-23.32444444
"splendidulus",-47.98083333,-24.06583333
"splendidulus",-40.06666667,-19.81666667
"splendidulus",-44.99000278,-21.30454167
"splendidulus",-48.85,-27.41666667
"splendidulus",-48.88333333,-27.61666667
"splendidulus",-42.51505833,-19.70256111
"splendidulus",-41.01666667,-20.66666667
"splendidulus",-42.8475,-20.81194444
"splendidulus",-41.11972222,-20.30805556
"splendidulus",-43.41666667,-20.36666667
"splendidulus",-42.53333333,-19.46666667
"splendidulus",-41.23333333,-20.35
"splendidulus",-49.58333333,-28.55
"splendidulus",-49.11666667,-27.9
"splendidulus",-43.20963056,-22.90451944
"splendidulus",-48.53333333,-27.71666667
"splendidulus",-48.51666667,-27.7
"splendidulus",-46.32944444,-23.90444444
"splendidulus",-43.21805556,-22.93222222
"splendidulus",-43.21722222,-22.93111111
"splendidulus",-48.59111111,-27.41694444
"splendidulus",-48.51694444,-27.14083333
"splendidulus",-51.08,-25.38055556
"splendidulus",-48.64,-27.06694444
"splendidulus",-54.675723,-27.035807
"splendidulus",-54.893264,-27.095539
"splendidulus",-53.73656,-26.057314
"splendidulus",-39.25138,-13.266198
"splendidulus",-40.295777,-20.297618
"splendidulus",-40.527283,-20.100488
"splendidulus",-42.548012,-19.470757
"splendidulus",-42.609679,-19.265075
"splendidulus",-43.566641,-19.017204
"splendidulus",-42.534084,-22.288713
"splendidulus",-42.9733,-22.41797
"splendidulus",-44.572128,-22.491236
"splendidulus",-49.245237,-26.435507
"splendidulus",-48.048784,-23.589095
"splendidulus",-46.35,-23.95
"splendidulus",-45.847167,-23.531339
"splendidulus",-47.966667,-24.033331
"splendidulus",-39.025278,-14.416111
"splendidulus",-39.025556,-14.412222
"splendidulus",-39.032778,-14.412778
"splendidulus",-39.0225,-14.410278
"splendidulus",-49.014333,-27.689194
"splendidulus",-48.807667,-27.743028
"splendidulus",-39016667,-14.4
"splendidulus",-47.966667,-24.033331
"splendidulus",-49.31654105,-25.39803714
"splendidulus",-35.916667,-8.266667
"splendidulus",-45.240817,-23.440231
"splendidulus",-39.022387,-14.410823
"splendidulus",-39.024573,-14.412402
"splendidulus",-47.966667,-24.033333
"splendidulus",-48.634219,-27.089692
"splendidulus",-39.030909,-14.412888
"splendidulus",-48.571142,-27.402992
"splendidulus",-48.634222,-27.089692
"splendidulus",-44.826356,-23.359956
"splendidulus",-45.129714,-23.354167
"splendidulus",-48.503358,-27.506439
"splendidulus",-48.571142,-27.402992
"splendidulus",-48.505931,-27.517553
"splendidulus",-48.504722,-27.524722
"splendidulus",-47.916667,-24.183333
"splendidulus",-34.977222,-7.789444
"splendidulus",-46.405147,-22.855614
"splendidulus",-46.271497,-22.958477
"splendidulus",-46.037372,-23.000496
"splendidulus",-46.032103,-23.004976
"splendidulus",-48.532167,-27.724111
"splendidulus",-48.524531,-27.716125
"splendidulus",-46.497604,-23.033077
"splendidulus",-46.434413,-23.150465
"splendidulus",-46.430167,-22.855486
"splendidulus",-46.488145,-23.037665
"splendidulus",-46.490303,-23.031142
"splendidulus",-46.329541,-23.066915
"splendidulus",-46.160153,-2.305585
"splendidulus",-46.334226,-23.078278
"splendidulus",-46.409373,-23.132272
"splendidulus",-46.511004,-23.050265
"splendidulus",-46.476894,-22.960459
"splendidulus",-39.016667,-14.4
"splendidulus",-39.0225,-14.410278
"splendidulus",-39.022387,-14.410823
"splendidulus",-39.025556,-14.412222
"splendidulus",-39.024573,-14.412402
"splendidulus",-39.032778,-14.412778
"splendidulus",-39.030909,-14.412888
"splendidulus",-39.025278,-14.416111
"splendidulus",-42.6093,-19.220075
"splendidulus",-40.08555556,-19.29583333
"splendidulus",-42.53333333,-19.46666667
"splendidulus",-42.53333333,-19.46666667
"splendidulus",-42.51505833,-19.70256111
"splendidulus",-40.06666667,-19.81666667
"splendidulus",-40.52928333,-20.10251389
"splendidulus",-41.11972222,-20.30805556
"splendidulus",-40.30175833,-20.31538611
"splendidulus",-41.23333333,-20.35
"splendidulus",-43.41666667,-20.36666667
"splendidulus",-41.01666667,-20.66666667
"splendidulus",-42.8475,-20.81194444
"splendidulus",-44.99000278,-21.30454167
"splendidulus",-47.41666667,-21.98333333
"splendidulus",-42.53297778,-22.28673611
"splendidulus",-45.78333333,-22.4
"splendidulus",-42.96619444,-22.41217222
"splendidulus",-44.56086389,-22.49589444
"splendidulus",-46.430167,-22.855486
"splendidulus",-46.405147,-22.855614
"splendidulus",-43.20963056,-22.90451944
"splendidulus",-43.21722222,-22.93111111
"splendidulus",-43.21805556,-22.93222222
"splendidulus",-46.271497,-22.958477
"splendidulus",-46.476894,-22.960459
"splendidulus",-46.037372,-23.000496
"splendidulus",-46.032103,-23.004976
"splendidulus",-46.490303,-23.031142
"splendidulus",-46.497604,-23.033077
"splendidulus",-46.488145,-23.037665
"splendidulus",-46.511004,-23.050265
"splendidulus",-46.329541,-23.066915
"splendidulus",-46.334226,-23.078278
"splendidulus",-46.409373,-23.132272
"splendidulus",-46.434413,-23.150465
"splendidulus",-46.93333333,-23.23333333
"splendidulus",-45.085,-23.32444444
"splendidulus",-45.129714,-23.354167
"splendidulus",-44.826356,-23.359956
"splendidulus",-45.240817,-23.440231
"splendidulus",-45.73301944,-23.71035
"splendidulus",-46.32944444,-23.90444444
"splendidulus",-47.966667,-24.033331
"splendidulus",-47.966667,-24.033331
"splendidulus",-47.966667,-24.033333
"splendidulus",-47.98083333,-24.06583333
"splendidulus",-47.916667,-24.183333
"splendidulus",-51.08,-25.38055556
"splendidulus",-49.31654105,-25.39803714
"splendidulus",-49.36313611,-25.58757778
"splendidulus",-49.24331111,-26.4261
"splendidulus",-48.64,-27.06694444
"splendidulus",-48.634219,-27.089692
"splendidulus",-48.634222,-27.089692
"splendidulus",-48.51694444,-27.14083333
"splendidulus",-48.571142,-27.402992
"splendidulus",-48.571142,-27.402992
"splendidulus",-48.85,-27.41666667
"splendidulus",-48.59111111,-27.41694444
"splendidulus",-48.503358,-27.506439
"splendidulus",-48.505931,-27.517553
"splendidulus",-48.504722,-27.524722
"splendidulus",-48.88333333,-27.61666667
"splendidulus",-49.014333,-27.689194
"splendidulus",-48.51666667,-27.7
"splendidulus",-48.524531,-27.716125
"splendidulus",-48.53333333,-27.71666667
"splendidulus",-48.532167,-27.724111
"splendidulus",-48.8,-27.73333333
"splendidulus",-48.807667,-27.743028
"splendidulus",-49.11666667,-27.9
"splendidulus",-49.58333333,-28.55
