sp,x,y
triangularis,-89.93901,30.068636
triangularis,-89.47985,30.391438
triangularis,-89.951965,30.410023
triangularis,-85.056654,30.442454
triangularis,-88.19657,30.684572
triangularis,-89.58685,30.774897
triangularis,-92.561714,31.597788
triangularis,-93.086105,31.734982
triangularis,-80.459331,32.348397
triangularis,-80.717394,33.650607
triangularis,-94.39687,33.692765
triangularis,-80.754698,33.794914
triangularis,-95.94181,36.12032
triangularis,-95.746411,36.257102
triangularis,-89.25281,37.47521
triangularis,-94.82524,37.78309
triangularis,-85.70303,37.96957
triangularis,-95.19222,38.80917
triangularis,-95.19222,38.80917
triangularis,-95.19222,38.80917
triangularis,-95.19222,38.80917
triangularis,-95.19222,38.80917
triangularis,-95.19222,38.80917
triangularis,-95.19222,38.80917
triangularis,-95.19222,38.80917
triangularis,-95.19222,38.80917
triangularis,-95.19222,38.80917
triangularis,-95.19222,38.80917
triangularis,-95.19222,38.80917
triangularis,-95.19222,38.80917
triangularis,-80.23134,38.90254
triangularis,-95.3595,39.02367
triangularis,-95.3595,39.02367
triangularis,-95.03898,39.18951
triangularis,-95.03898,39.18951
triangularis,-94.871666,39.83268
triangularis,-84.9,30.56
triangularis,-84.9,30.56
triangularis,-84.9,30.56
triangularis,-84.1,31.53
triangularis,-94.222504,33.860443
triangularis,-94.6,34.13
triangularis,-83.225374,34.627569
triangularis,-95.2,34.86
triangularis,-86.932472,36.055153
triangularis,-94.8,39.98
