sp,x,y
yecoraensis,-108.9517,28.3594
yecoraensis,-108.9517,28.3594
yecoraensis,-108.9517,28.3594
yecoraensis,-108.9517,28.3594
yecoraensis,-108.9517,28.3594
yecoraensis,-108.9517,28.3594
yecoraensis,-108.9517,28.3594
yecoraensis,-108.9517,28.3594
yecoraensis,-108.9517,28.3594
yecoraensis,-108.9517,28.3594
yecoraensis,-108.9517,28.3594
yecoraensis,-108.9517,28.3594
yecoraensis,-108.9517,28.3594
yecoraensis,-108.9517,28.3594
yecoraensis,-108.8736,28.3897
yecoraensis,-108.9914,28.3483
yecoraensis,-108.9106,28.3722
yecoraensis,-108.8736,28.3897
yecoraensis,-108.952,28.359
yecoraensis,-108.952,28.359
yecoraensis,-108.952,28.359
yecoraensis,-108.952,28.359
yecoraensis,-108.952,28.359
yecoraensis,-108.952,28.359
yecoraensis,-108.952,28.359
yecoraensis,-108.952,28.359
yecoraensis,-108.952,28.359
yecoraensis,-108.952,28.359
yecoraensis,-108.952,28.359
yecoraensis,-108.952,28.359
yecoraensis,-108.952,28.359
yecoraensis,-108.952,28.359
yecoraensis,-108.874,28.39
yecoraensis,-108.874,28.39
yecoraensis,-108.911,28.372
yecoraensis,-108.991,28.348
yecoraensis,-108.9106,28.3722
yecoraensis,-108.6792,27.3214
yecoraensis,-109.2839,28.4469
yecoraensis,-108.9517,28.3594
yecoraensis,-108.9914,28.3483
